Startup Name,Location,Founders,Website,Article URL
NA,N/A,N/A,https://www.reply.com/en,https://www.eu-startups.com/2014/10/breed-reply-an-advanced-incubator-for-startups-delivering-iot-solutions/
NA,Milan,stepping in as a direct buyer,https://www.mise.gov.it/index.php/en/202-news-english/2033818-italy-a-smart-choice-for-innovative-startups,https://www.eu-startups.com/2020/01/10-promising-italy-based-startups-to-watch-out-for-in-2020/
NA,N/A,N/A,https://play.google.com/store/apps/details?id=com.uberpixel.nummo&hl=hu,https://www.eu-startups.com/2020/09/join-eit-health-innostars-awards-and-meet-europes-15-most-promising-healthcare-startups-in-2020-sponsored/
Media,N/A,Andrea Scotti Calderini and Gianluigi Casole,http://www.freedamedia.com/,https://www.eu-startups.com/2018/05/milan-based-freeda-media-raises-10-million-series-a-to-delight-more-millennial-women-with-their-premium-content/
Webidoo,Milan,N/A,https://webidoo.com/en/,https://www.eu-startups.com/2026/05/italian-ai-company-webidoo-secures-e21-million-to-scale-smb-focused-automation-platform/
NA,N/A,N/A,https://www.cosmoprof.com/,https://www.eu-startups.com/2019/11/cosmoprof-worldwide-bologna-2020-presents-the-garden-of-innovation-sponsored/
NA,N/A,N/A,https://fitprime.com/,https://www.eu-startups.com/2021/01/rome-based-fitprime-nabs-e2-5-million-to-expand-its-online-workout-and-gym-platform/
Garden,N/A,N/A,https://talentgarden.org/en-es/,https://www.eu-startups.com/2019/03/italian-startup-talent-garden-raises-e44-million-to-open-more-co-working-spaces-throughout-europe/
NA,N/A,N/A,https://www.amazon.co.uk/new-prince-Why-how-startup/dp/B07MGK7W37/,https://www.eu-startups.com/2019/10/why-and-how-to-build-a-startup-chapter-12-love/
NA,"Mogees, a London",the Italian entrepreneur Bruno Zamborlin,http://www.mogees.co.uk,https://www.eu-startups.com/2017/05/london-based-music-startup-mogees-closes-a-1-1-million-funding-round-with-the-former-ceo-of-emi/
Soplaya,N/A,N/A,https://soplaya.com/,https://www.eu-startups.com/2023/11/milan-based-foodtech-soplaya-secures-e12-5-million-to-revolutionise-the-restaurant-supplies-industry/
NA,The Stockholm,N/A,http://www.bautifulbox.com/en/,https://www.eu-startups.com/2016/08/10-european-pet-startups-to-watch-in-2016-and-beyond/
NA,N/A,N/A,https://www.lexroom.ai,https://www.eu-startups.com/2025/09/italian-genai-legal-platform-lexroom-closes-e16-million-funding-round/
Appeal,N/A,N/A,https://www.travelappeal.com/,https://www.eu-startups.com/2018/10/florence-based-travel-appeal-raises-e3-million-to-help-travel-industry-professionals-with-data-science-and-ai/
Exein,Unlike traditional network,integrating with OEMs and semiconductor manufacturers with its advanced edge AI capabilities,https://www.exein.io/,https://www.eu-startups.com/2024/07/rome-based-exein-raises-e15-million-aiming-to-set-a-global-standard-for-embedded-cybersecurity/
Gaussion,"Gaussion, a London",N/A,https://www.gaussion.com/,https://www.eu-startups.com/2026/06/from-charging-evs-and-drones-to-powering-data-centres-london-based-gaussion-raises-e24-5-million/
Ephos,Setting the company apart from traditional chip manufacturers using silicon,N/A,https://ephos.io/,https://www.eu-startups.com/2024/09/milan-based-ephos-raises-e7-6-million-to-deliver-glass-based-quantum-photonic-chips/
NA,N/A,"six Computer Science students from the University of Turin sharing a passion for blockchain technology since high school, Young Platform aims to simplify access to the world of cryptocurrencies through a hub of digital products",https://youngplatform.com/,https://www.eu-startups.com/2021/06/italys-young-platform-nabs-e3-5-million-to-simplifies-access-to-the-world-of-cryptocurrencies/
i-TES,N/A,N/A,https://www.i-tes.eu/en/,https://www.eu-startups.com/2023/05/turin-based-deeptech-startup-i-tes-secures-e14-million-to-support-renewal-energy-sources-with-thermal-storage/
NA,It provides you with usage,N/A,https://www.arubacloud.com/,https://www.eu-startups.com/2018/06/we-start-you-up-take-your-startup-to-the-cloud-sky-is-the-limit-sponsored/
NA,"Giorgio Tinacci, Milan",N/A,https://www.casavo.com/,https://www.eu-startups.com/2019/02/casavo-raises-funding/
NA,"Dominik and fellow food enthusiasts cofounded Hellofresh, a Berlin",Taavet Hinrikus,N/A,https://www.eu-startups.com/2017/10/10-european-founders-who-conquered-the-us-with-their-startup-and-succeeded-big-time/
NA,Milan,N/A,https://casavo.com/,https://www.eu-startups.com/2022/07/italian-proptech-startup-casavo-takes-home-e400-million-as-it-shakes-up-europes-property-market/
NA,"Wayla, a Milan",N/A,https://www.wayla.it,https://www.eu-startups.com/2025/09/italian-mobility-startup-wayla-zips-past-e1-million-in-funding-in-under-30-hours/
NA,N/A,N/A,https://www.iwgplc.com/,https://www.eu-startups.com/2020/02/eu-startups-summit-the-future-of-great-startup-workspaces-a-panel-discussion-with-iwc-maria-01-and-talent-garden/
NA,N/A,N/A,https://www.aqlaslasers.com,https://www.eu-startups.com/2025/01/quantum-leap-aqlas-scores-e2-5-million-from-eic-grant-for-laser-innovation/
Futura,N/A,Andrea Chirolli,https://www.futura.study/,https://www.eu-startups.com/2024/05/milan-based-edtech-futura-raises-e14-million-series-a-to-make-the-world-learn-faster-and-better/
NA,The London,launching its platform in Austria and Switzerland,http://www.miummium.com/,https://www.eu-startups.com/2019/01/10-european-startups-to-help-keep-you-comfy-at-home-this-winter/
Smartwage,"It notes that the technology developed transforms welfare into a dynamic and personalised system, through the integration of regulated digital payment tools, including cards and bank transfers and an AI",N/A,https://app.smartwage.it/register,https://www.eu-startups.com/2026/04/italys-smartwage-secures-e2-million-to-turn-corporate-welfare-into-real-spending-with-ai-and-digital-payments/
Zakeke,N/A,N/A,https://www.zakeke.com/,https://www.eu-startups.com/2023/10/milan-based-zakeke-secures-e2-million-to-become-the-go-to-visual-commerce-partner-for-global-brands/
NA,N/A,N/A,http://dotsub.com/,https://www.eu-startups.com/2011/03/david-orban-appointed-as-dotsub-chief-executive/
NA,How did you come up with the idea to start a company that creates radar,N/A,https://www.inxpect.com/en/,https://www.eu-startups.com/2020/10/reinventing-the-way-people-interact-with-machinery-interview-with-inxpect-founder-luca-salgarelli/
Exein,Rome,N/A,https://www.exein.io/,https://www.eu-startups.com/2025/07/italian-startup-exein-raises-e70-million-to-build-the-immune-system-for-digital-life/
Waveful,Milan,"Steven and Dennis Motta, Waveful is a social platform that looks to help people create authentic connections through shared passions",https://waveful.com/en,https://www.eu-startups.com/2025/09/italian-social-platform-waveful-raises-e1-8-million-to-create-authentic-human-connection-through-shared-passions/
Pastbook,N/A,N/A,http://pastbook.com/,https://www.eu-startups.com/2012/09/amsterdam-based-pastbook-secures-250k/
NA,Milan,N/A,https://www.nanophoria.com,https://www.eu-startups.com/2025/10/nanophoria-closes-e83-5-million-series-a-for-its-heart-failure-candidate-one-of-italys-largest-2025-biotech-rounds/
Algorithmiq,N/A,N/A,https://algorithmiq.fi/,https://www.eu-startups.com/2026/05/quantum-software-startup-algorithmiq-raises-e18-million-and-moves-global-hq-from-helsinki-to-milan/
NA,N/A,Alberto Dalmasso,https://www.satispay.com/en-it/,https://www.eu-startups.com/2022/09/milan-based-payment-network-satispay-exceed-e1-billion-valuation-and-becomes-an-italian-unicorn/
NA,"The Italian tech scene has seen similar growth and level of expansion over the last decade and with the market evolving more and more, there is a strong need for expertise",Marija Rucevska,https://techchill.co/,https://www.eu-startups.com/2022/05/techchill-is-taking-milan-as-europes-startup-ecosystem-keeps-growing/
NA,Its crowd,N/A,https://www.app-quality.com/it/,https://www.eu-startups.com/2020/05/milan-based-appquality-nabs-e3-5-million-for-its-crowd-testing-platform/
Cyberwave,"Cyberwave, a Milan",abstracting the complexity of physical hardware,https://cyberwave.com/,https://www.eu-startups.com/2025/10/milan-based-cyberwave-secures-e7-million-to-simplify-ai-driven-automation/
NA,N/A,N/A,N/A,https://www.eu-startups.com/2013/02/the-new-year-brings-the-first-startuppami-meet-up-of-2013/
Bite,"Bestie Bite, a Rome","Carlotta Robbe Di Lorenzo and Caterina Vertefeuille, Bestie Bite helps people discover restaurants, bars and hotels through short, real videos created by users",https://bestiebite.com/en,https://www.eu-startups.com/2026/06/italys-female-founded-hospitalitytech-startup-bestie-bite-raises-e1-5-million-to-expand-its-video-review-app-in-the-us/
StartupGym,N/A,N/A,https://www.startupgym.eu/,https://www.eu-startups.com/2021/12/milan-based-startupgym-raises-e1-5-million-to-build-european-impact-startups/
hlpy,N/A,N/A,https://www.hlpy.co/es,https://www.eu-startups.com/2024/09/milan-based-hlpy-raises-e18-millions-series-b-to-grow-in-the-vehicle-assistance-sector-in-europe/
NA,The Milan,"Enrico Mattiazzi and Vito Lomele, Fiscozen is aiming to make the lives of SMEs easier",https://www.fiscozen.it/,https://www.eu-startups.com/2022/12/milan-based-fintech-fiscozen-picks-up-e8-million-to-get-rid-of-tax-bureaucracy/
Equixly,"Equixly, the Verona",N/A,https://equixly.com/,https://www.eu-startups.com/2025/12/verona-based-equixly-raises-e10-million-to-scale-its-ai-driven-platform-for-automated-api-security-testing/
Buzzoole,N/A,N/A,https://buzzoole.com/,https://www.eu-startups.com/2017/01/italian-startup-buzzoole-raises-830k-for-its-influencer-marketing-platform/
NA,N/A,N/A,http://milano.talentgarden.org/en/,https://www.eu-startups.com/2016/09/overview-of-the-best-coworking-spaces-in-milan/
NA,N/A,N/A,http://www.pastbook.com,https://www.eu-startups.com/2012/05/pastbook-%e2%80%93-rediscover-your-memories-as-easy-as-before/
Scalapay,N/A,Simone Mancini,http://www.scalapay.com/,https://www.eu-startups.com/2021/01/milan-based-scalapay-raises-e40-million-to-expand-its-buy-now-pay-later-solution/
NA,Milan,N/A,https://www.ma-xi.it/en/,https://www.eu-startups.com/2025/07/maxi-mobility-lands-e1-2-million-to-electrify-italys-taxis-and-accelerate-zero-emission-mobility/
Faba,"Faba, the Treviso",N/A,https://www.myfaba.es/?utm_source=google&utm_medium=cpc&utm_campaign=STO_ES_GOOGLE_PERF_AO_Pmax_AllProducts_[PMC_SHO_ACQ]_01&utm_term=STO_ES_GOOGLE_PERF_AO_Pmax_AllProducts_[PMC_SHO_ACQ]_01&gad_source=1&gad_campaignid=20549688372&gbraid=0AAAAAClP82cwDkhFSeJHDc_y_grTCQB5G&gclid=Cj0KCQjwndHEBhDVARIsAGh0g3BSUDsWISKzlvP6T5Euj245XwVz2AO2aJZLYVoUaWtdNcNpTvROmLMaAiPBEALw_wcB,https://www.eu-startups.com/2025/08/italys-edtech-startup-faba-gets-serious-with-e4-5-million-to-expand-its-screen-free-storytelling-magic-in-spain/
NA,Benefiz is a Lille,N/A,https://benefiz.fr/,https://www.eu-startups.com/2026/05/are-your-employees-happy-10-startups-working-to-make-teams-feel-better-at-work/
NA,N/A,N/A,https://blubrake.it/,https://www.eu-startups.com/2020/10/italian-e-mobility-scaleup-blubrake-lands-e5-2-million-to-expand-its-innovative-safety-tech-for-e-bikes/
NA,The Stockholm,N/A,http://www.mindmusiclabs.com,https://www.eu-startups.com/2015/11/stockholm-based-mind-music-labs-presents-the-worlds-first-smart-guitar-at-web-summit-2015/
MotorK,N/A,N/A,https://www.motork.io,https://www.eu-startups.com/2020/09/milan-based-motork-secures-e10-million-to-accelerate-post-covid-growth-of-its-automotive-sales-and-marketing-technology/
Weebora,Milan,N/A,https://weebora.com,https://www.eu-startups.com/2025/07/italian-padel-marketplace-weebora-secures-e1-3-million-to-offer-padel-related-travel-experiences/
NA,N/A,"FinLeap, a company builder for fintech companies, with Fabrick as lead investor and Banca Sella as a first banking partner",https://www.frescofrigo.com/,https://www.eu-startups.com/2019/08/10-milan-based-startups-to-look-out-for-in-2019-and-beyond/
NA,N/A,N/A,http://www.spreaker.com,https://www.eu-startups.com/2010/10/spreaker-from-italy-is-socializing-internet-radio/
NA,Paris,N/A,https://www.360cap.vc/,https://www.eu-startups.com/2024/12/360-capital-announces-the-1st-closing-of-its-e140-million-climate-tech-fund-360-life-ii/
NA,"By moving most of the administrative and learning process online, Brum aims to reduce friction, waiting times, and unnecessary complexity in a system that has long been paper","abstracting hardware differences, Cyberwave allows teams to build applications once and deploy them across multiple robot types, reducing complexity and dependency on specific vendors",https://www.brumpatenti.it/,https://www.eu-startups.com/2026/02/from-milan-to-liguria-10-of-the-most-promising-italian-startups-shaping-the-next-tech-cycle/
NA,Milan,N/A,https://vimeo.com,https://www.eu-startups.com/2025/09/milan-based-bending-spoons-scoops-up-vimeo-in-e1-1-billion-cash-deal-will-cuts-follow/
NA,"The new capital will, in part, assist a strategic new San Francisco",N/A,http://www.cloud4wi.com/,https://www.eu-startups.com/2014/03/italian-startup-cloud4wi-closes-4m-series-a-funding-round/
NA,N/A,N/A,http://www.go-sharing.com/,https://www.eu-startups.com/2022/02/go-sharing-brings-500-new-e-mopeds-to-rome-making-mobility-even-more-sustainable-in-the-italian-capital/
NA,N/A,N/A,https://en.wemakefuture.it/,https://www.eu-startups.com/2024/06/we-make-future-the-international-trade-fair-on-ai-tech-digital-innovation-is-back-sponsored/
NA,Vienna,Dr,https://epitome-tx.com/,https://www.eu-startups.com/2026/06/austrian-biotech-startup-epitome-therapeutics-announces-e4-million-in-funding-to-advance-programmes-and-grow-team/
BAGBNB,The Rome,N/A,https://bagbnb.com/,https://www.eu-startups.com/2020/01/rome-based-bagbnb-raises-e2-5-million-to-become-worlds-largest-luggage-storage-network/
NA,"Exein, a Rome",N/A,https://www.exein.io/,https://www.eu-startups.com/2025/12/italys-embedded-cybersecurity-firm-exein-adds-e100-million-in-funding-as-global-expansion-continues/
NA,Palermo,fostering innovation and science,https://bazeapp.com,https://www.eu-startups.com/2026/01/how-sicily-is-reinventing-itself-through-entrepreneurship-10-sicilian-startups-to-watch-in-2026/
NA,N/A,N/A,N/A,https://www.eu-startups.com/2025/08/weekly-funding-round-up-all-of-the-european-startup-funding-rounds-we-tracked-this-week-aug-04-aug-08/
NA,Just last week we saw a new Milan,extending the life cycle of every product they sell,https://www.milanotoday.it/cultura/cultura-lavoro-milano-prima.html,https://www.eu-startups.com/2022/10/10-exciting-milan-based-startups-were-keeping-a-close-eye-on/
NA,UK,N/A,https://nextstepaccelerator.com,https://www.eu-startups.com/2024/12/london-and-milan-based-nextstep-invests-e590k-in-uk-cleantech-startups-to-drive-sustainable-innovation/
NA,N/A,N/A,https://www.ageasinsure.com/,https://www.eu-startups.com/2020/06/insurtech-healthtech-wellbeing-startups-join-the-insure-acceleration-programme-sponsored/
NANDO,N/A,"Riccardo Leonardi, Fabrizio Custorella, Giovanni Lucifora, Federico Fedi, and Simone Cavariani, NANDO has developed a platform that integrates AI, ML, and Computer Vision",https://nandoai.com,https://www.eu-startups.com/2026/02/turins-nando-secures-e3-3-million-to-scale-municipal-and-food-waste-optimisation-technology/
NA,N/A,N/A,https://www.vento.ventures/,https://www.eu-startups.com/2024/10/eu-startups-podcast-episode-92-diyala-daveni-head-of-vento/
NA,N/A,N/A,https://f3nice.com/,https://www.eu-startups.com/2022/11/harnessing-am-for-a-sustainable-circular-world-interview-with-the-founders-of-f3nice-sponsored/
NA,N/A,One of the most interesting pitches was by Luca Panzarella,http://www.yoogoin.com/,https://www.eu-startups.com/2013/03/yoogoin-the-smart-events-search-engine-interview/
NA,N/A,"Giorgio Tinacci, Casavo aims to change the way people sell, live and buy homes in Europe",https://www.casavo.com,https://www.eu-startups.com/2021/03/italian-proptech-startup-casavo-lands-e200-million-to-change-the-way-people-sell-live-and-buy-homes-in-europe/
NA,N/A,N/A,http://www.mywaystartup.eu/,https://www.eu-startups.com/2016/12/startup-is-my-way-inspired-the-next-generation-of-founders-and-celebrated-female-entrepreneurship/
NA,N/A,N/A,https://aixblock.io,https://www.eu-startups.com/2025/08/us-ai-startup-aixblock-plugs-into-europes-idle-data-centres-with-e1-5-million-eu-grant-and-potential-e61-5-million-funding/
NA,This Milan,N/A,http://www.baasbox.com/,https://www.eu-startups.com/2015/01/5-italian-startups-to-look-out-for-in-2015/
NA,N/A,N/A,N/A,https://www.eu-startups.com/2020/07/premium-report-europes-top-50-ai-startups/
NA,N/A,N/A,https://www.eitdigital.eu/accelerator/,https://www.eu-startups.com/2020/10/meet-the-20-european-scaleups-that-made-it-into-the-finals-of-this-years-eit-digital-challenge/
NA,N/A,N/A,https://www.infocamere.it/,https://www.eu-startups.com/2025/02/ciao-innovation-10-promising-italian-startups-you-should-keep-and-eye-on-in-2025/
NA,WeRoad is a Milan,N/A,https://www.weroad.travel/,https://www.eu-startups.com/2022/12/weroad-co-founder-erika-de-santi-will-speak-at-next-years-eu-startups-summit-on-april-20-21-in-barcelona/
NA,Danish relevance is visible through Copenhagen,N/A,https://eifo.dk/en,https://www.eu-startups.com/2026/06/eifo-commits-e200-million-to-scaleup-europe-fund-to-back-european-tech-scaleups/
NA,N/A,"simplifying data collection and analysis, reducing bureaucracy, improving the efficiency and sustainability of agricultural fields, and allowing the traceability of agricultural products",N/A,https://www.eu-startups.com/2019/12/xfarm-raises-3-million-to-digitalise-farms/
Intertwine,N/A,N/A,https://www.intertwine.it/,https://www.eu-startups.com/2018/11/intertwine-acquires-20lines/
NA,N/A,N/A,https://www.euroblind.org/about-blindness-and-partial-sight/facts-and-figures,https://www.eu-startups.com/2024/08/leading-the-way-10-promising-european-startups-helping-the-blind-and-visually-impaired/
NA,N/A,"providing quick access to important information, streamlining workflows, and supporting employee training",https://www.bufaga.com/,https://www.eu-startups.com/2024/12/romes-rising-stars-10-early-stage-startups-you-should-keep-and-eye-on/
NA,N/A,N/A,https://flyingbasket.com/,https://www.eu-startups.com/2023/11/shore-to-island-and-shore-to-ship-deliveries-flyingbaskets-drone-sets-new-benchmarks-sponsored/
Screevo,Rome,N/A,https://screevo.ai/,https://www.eu-startups.com/2021/09/italian-startup-screevo-secures-e510k-for-its-voice-control-digital-assistant-for-industry-4-0/
Avaneidi,N/A,"a team that combines storage industry veterans with brilliant young engineers, Avaneidi is set to transform the enterprise storage landscape",https://avaneidi.com/,https://www.eu-startups.com/2024/06/milan-based-avaneidi-secures-e8-million-series-a-to-advance-storage-tech-and-data-security/
Supermercato24,N/A,N/A,https://www.supermercato24.it/,https://www.eu-startups.com/2020/01/milan-based-supermercato24-raises-e11-million-to-expand-its-e-grocery-marketplace-in-europe/
NA,N/A,N/A,https://eatableadventures.com/,https://www.eu-startups.com/2024/01/madrid-based-eatable-adventures-concludes-first-closing-of-its-e30-million-fund-to-invest-in-agri-food-tech/
NA,N/A,N/A,https://boomimagestudio.com/,https://www.eu-startups.com/2020/02/federico-mattia-dolci-ceo-of-boom-imagestudio-will-speak-at-the-eu-startups-summit-workshop-on-fast-vs-sustainable-growth/
NA,N/A,N/A,https://flyingbasket.com/,https://www.eu-startups.com/2023/10/the-future-of-cargo-transportation-introducing-flyingbaskets-fb3-drone-with-100kg-capacity-sponsored/
Uala,Milan,Abehsera,https://www.uala.it/,https://www.eu-startups.com/2019/06/milan-based-beauty-booking-platform-uala-raises-e15-million-and-acquires-french-salon-booking-service-balinea/
NA,N/A,"Stefano Bernardi, TheStartup",N/A,https://www.eu-startups.com/2014/04/thestartup-eu-and-eu-startups-com-join-forces/
NA,Furhat Robotics is a Stockholm,N/A,https://www.furhatrobotics.com/,https://www.eu-startups.com/2020/02/10-promising-european-robotics-startups-to-watch-in-2020/
NA,People have been talking about the skills,N/A,https://www.weforum.org/agenda/2020/01/reskilling-revolution-jobs-future-skills/,https://www.eu-startups.com/2024/09/milan-based-hr-tech-skillvue-gets-e2-5-million-for-ai-based-skills-assessment-platform/
NA,"Tsuga, a Paris",James Safar,https://www.tsuga.com/,https://www.eu-startups.com/2026/06/french-observability-startup-tsuga-lands-e30-million-to-expand-ai-agent-platform/
Cleafy,N/A,"Matteo Bogana, who holds a Ph",https://www.cleafy.com/,https://www.eu-startups.com/2023/09/milan-based-cleafy-secures-e10-million-to-prevent-online-banking-fraud-in-real-time/
NA,N/A,N/A,https://stepventure.eu,https://www.eu-startups.com/2025/11/new-e30-million-step-fund-targets-early-stage-italian-startups-with-international-growth-potential/
NA,From plant,N/A,https://www.ganasdevicio.com/,https://www.eu-startups.com/2023/10/from-seed-funding-to-sesame-seeds-6-european-startups-shaping-the-burger-game/
NA,Amsterdam,N/A,https://autheos.com/,https://www.eu-startups.com/2019/07/10-european-startups-that-are-disrupting-the-media/
NA,Rome,"implementing an immediate purchase and liquidity system, avoiding uncertainty, as well as financial and bureaucratic risks",https://www.aidexa.it/#/landing/home,https://www.eu-startups.com/2021/01/10-of-the-most-promising-italian-startups-to-watch-out-for-in-2021/
Fluentify,N/A,N/A,https://www.fluentify.com/,https://www.eu-startups.com/2018/10/london-based-online-language-tutoring-startup-fluentify-raises-e1-7-million-to-expand-into-the-french-market/
NA,N/A,N/A,N/A,https://www.eu-startups.com/2025/08/weekly-funding-round-up-all-of-the-european-startup-funding-rounds-we-tracked-this-week-aug-11-14/
NA,N/A,N/A,N/A,https://www.eu-startups.com/2013/02/seedlab-2013-call-for-application/
NA,N/A,N/A,https://www.amazon.co.uk/new-prince-Why-how-startup/dp/B07MGK7W37/,https://www.eu-startups.com/2019/07/why-and-how-to-build-a-startup-chapter-3-happiness/
Vaniday,N/A,N/A,http://www.vaniday.com,https://www.eu-startups.com/2015/07/beauty-and-wellness-startup-vaniday-secures-e15m-funding-from-its-existing-investors/
NA,Previous investors include Silicon Valley,a team of researchers from Oxford and Cambridge,http://www.un-spider.org/risks-and-disasters,https://www.eu-startups.com/2019/10/10-european-startups-tackling-natural-disasters-and-other-emergencies/
MotorK,Milano,Marco Marlia,https://www.motork.io/,https://www.eu-startups.com/2026/01/milano-based-automotive-saas-provider-motork-secures-e3-million-to-bolster-its-financial-position/
NA,N/A,N/A,https://www.dailyspin.com/,https://www.eu-startups.com/2024/08/former-infinileads-owners-launch-new-gambling-comparison-sites-dailyspin-and-ippicaonline-sponsored/
NA,N/A,N/A,https://www.centsdonations.com/?utm_source=Linkedin&utm_medium=Profile&utm_campaign=Linkedin+Profile+Cents,https://www.eu-startups.com/2023/12/perugia-based-fintech-cents-bags-e1-15-million-pre-seed-to-pave-the-way-for-impact-as-a-service-in-italy/
Euklid,"In this phase, Euklid also plans to partner with Bankable, a member as well of the London",Antonio Simeone,https://www.euklid.com/,https://www.eu-startups.com/2016/11/ai-driven-investment-and-blockchain-startup-euklid-secures-seed-funding-at-a-company-valuation-of-e10-million/
BigProfiles,The Rome,N/A,https://big-profiles.com/,https://www.eu-startups.com/2020/02/rome-based-bigprofiles-raises-e1-5-million-to-help-companies-profile-their-customers-using-ai/
NA,N/A,N/A,http://www.babotel.com/,https://www.eu-startups.com/2010/12/italian-startup-hotelyo-raised-1-million-e-in-angel-round/
NA,The Rome,the end of next month,http://majeeko.com/,https://www.eu-startups.com/2017/01/hotter-than-your-favorite-pizza-10-italian-startups-to-watch-in-2017/
NA,N/A,N/A,https://en.wemakefuture.it/,https://www.eu-startups.com/2024/06/we-make-future-2024-meet-the-startup-competition-winners-sponsored/
NA,This promising startup is developing a fundamental technology for the future of computing by designing and manufacturing glass,eliminating unused software and optimising software spending,https://www.contents.com/,https://www.eu-startups.com/2024/12/innovators-to-watch-10-early-stage-startups-shaping-milans-future/
NA,N/A,N/A,https://seedblink.com/,https://www.eu-startups.com/2023/05/seedblink-and-doorway-team-up-to-provide-investors-with-great-investment-opportunities-in-top-tier-european-startups/
NA,N/A,N/A,http://www.freedamedia.com/,https://www.eu-startups.com/2020/02/andrea-calderini-ceo-and-co-founder-of-freeda-media-will-join-the-eu-startups-summit-to-talk-about-how-todays-young-generations-consume-media/
NA,This Berlin,"limiting customers in store, managing the queue outside and helping people to buy online instead",https://suncrafter.org/,https://www.eu-startups.com/2020/05/10-innovative-coronavirus-solutions-created-during-online-hackathons/
Brickssh,Milan,plugging their API and databases into Bricks,http://bricks.sh/,https://www.eu-startups.com/2026/01/with-a-third-of-developer-time-spent-on-internal-tools-milans-bricks-sh-raises-e1-6-miliion-to-automate-admin-panels/
NA,This combined effort has contributed to kicking off a number of promising startups and tech,N/A,http://www.cittadellascienza.it/incubation-and-fablab/incubation/bluenet-srl/?lang=en,https://www.eu-startups.com/2018/06/10-naples-based-startups-to-watch-in-2018/
Lexroom,"Lexroom, a Milan",N/A,https://lexroom.ai/,https://www.eu-startups.com/2026/05/italian-ai-legaltech-startup-lexroom-raises-e42-9-million-series-b-eight-months-after-e16-2-million-series-a/
NA,Norway,Luca Cozzarini,https://brumpatenti.it,https://www.eu-startups.com/2026/01/milan-based-brum-closes-e5-million-round-to-steer-italys-driving-schools-into-the-21st-century/
Trustfull,Milan,open source intelligence,https://trustfull.com/,https://www.eu-startups.com/2025/07/italian-fraud-prevention-platform-trustfull-raises-e6-million-to-drive-european-expansion/
Cosmico,"Cosmico, a Milan",N/A,https://wearecosmico.com/en,https://www.eu-startups.com/2026/05/milan-based-cosmico-raises-e12-million-acquires-flatmates-to-expand-future-of-work-platform/
Energy,Milan,N/A,https://tulum.energy,https://www.eu-startups.com/2025/07/italian-hydrogen-company-tulum-energy-raises-e22-9-million-to-advance-scalable-low-carbon-hydrogen-production/
NA,"Welcome to an insightful conversation with Federico Wengi, a Partner at SquareOne, a Berlin",N/A,https://squareone.vc/,https://www.eu-startups.com/2023/08/fuelling-innovation-in-europe-interview-with-squareones-partner-federico-wengi/
NA,Milan,N/A,https://www.algointerview.it/,https://www.eu-startups.com/2024/02/viva-linnovazione-10-innovative-italian-startups-to-keep-an-eye-on-in-2024-and-beyond/
NA,Milan,"the Italian entrepreneur Claudio Santori, who then moved to Lithuania to work on his startup",http://www.vivocha.com,https://www.eu-startups.com/2014/01/5-italian-startups-to-look-out-for-in-2014/
Almetra,"Almetra, the Berlin",Maximilian Fischer,https://www.almetra.ai/,https://www.eu-startups.com/2026/06/bosch-and-siemens-energy-partner-almetra-raises-e16-million-series-a-for-manufacturing-intelligence-platform/
NA,N/A,N/A,https://lp.cosmoprof.com/startup_garden_innovation,https://www.eu-startups.com/2020/01/special-call-for-disruptive-beautytech-startups-to-join-leading-cosmetics-trade-fair-12-14-march-sponsored/
NA,N/A,N/A,https://www.reasonedart.com/en-US,https://www.eu-startups.com/2023/05/milan-based-reasoned-art-closes-e1-4-million-seed-round-to-enter-the-korean-market-with-web3-digital-art-project-monuverse/
NA,N/A,N/A,https://www.deesup.com/en/,https://www.eu-startups.com/2021/11/italian-ethical-furniture-marketplace-deesup-scores-e1-4-million-to-accelerate-international-growth/
NA,N/A,increasing their stake,https://www.jethr.com/,https://www.eu-startups.com/2024/09/milan-based-jet-hr-gets-e12-million-to-eliminate-the-bureaucracy-surrounding-payroll/
Involve,Lipomo,N/A,https://www.involvespace.eu/,https://www.eu-startups.com/2024/09/italian-company-involve-secures-e2-5-million-round-for-stratospheric-balloon-tech/
NA,N/A,N/A,https://eu.eventscloud.com/ereg/newreg.php?eventid=200211120,https://www.eu-startups.com/2020/09/meet-europes-15-most-promising-healthcare-startups-at-the-eit-health-innostars-awards-on-sept-30-sponsored/
NA,"Talentware has given itself the mission of empowering companies to effectively engage, develop, and retain top talent by providing skill",N/A,https://betalentware.com/,https://www.eu-startups.com/2024/03/milan-based-positive-impact-startup-talentware-gets-e800k-pre-seed-to-enable-data-driven-workforce-planning/
NA,"VoiceMed, a Rome",Arianna Arienzo,https://www.voicemed.io/,https://www.eu-startups.com/2026/02/rome-based-voicemed-reaches-e1-million-in-total-funding-launches-pilot-for-early-detection-of-chronic-respiratory-diseases/
NA,"Elsewhere in Europe, London",N/A,https://www.weroad.com/,https://www.eu-startups.com/2026/05/airbnb-leads-e49-million-series-c-in-italian-adventure-travel-company-weroad/
NA,N/A,N/A,N/A,https://www.eu-startups.com/2013/02/bliu-bliu-wins-techchill-baltics-2013/
Italy,N/A,N/A,https://techfundingnews.com/iff-italian-vc-fund-expands-with-35m-boost/,https://www.eu-startups.com/2025/08/italy-raises-the-bar-as-tech-investment-soars-past-2020-total-and-its-only-august/
Soource,"Soource, a Bolzano","Olympian and European diving champion Maicol Verzotto, together with Nazareno Mario Ciccarello, Silvia Chiarot, Serena Galli and Luca Taddeo",https://www.soource.com/,https://www.eu-startups.com/2026/06/bolzano-based-soource-raises-e3-million-to-help-procurement-evolve-from-copilot-to-autopilot-model/
NA,N/A,N/A,https://www.namirial.com/en/,https://www.eu-startups.com/2026/02/the-eu-startups-podcast-interview-with-enrico-giacomelli-the-founder-and-chairman-of-namirial/
Intuos,Rome,N/A,https://intuos.it,https://www.eu-startups.com/2026/02/italian-aviationtech-startup-intuos-raises-e720k-to-scale-fleet-operations-platform-internationally/
NA,Turin,N/A,http://www.vento.ventures/,https://www.eu-startups.com/2025/03/vc-fund-vento-launches-e75-million-fund-ii-to-back-the-boldest-italian-founders/
NA,UK,"Succesfull Ventures, and had participation by other strategic investors, such as the CEO of Aquaservice, Alma Ventures, and the Family Office Boyser, among others",https://ec.europa.eu/commission/presscorner/detail/en/ip_20_420,https://www.eu-startups.com/2021/05/10-promising-circular-economy-startups-to-watch-in-2021/
NA,N/A,"doing so, Bene Bono offers reasonably priced organic produce to consumers while contributing to the reduction of food waste",https://babacomarket.com/,https://www.eu-startups.com/2023/09/turning-waste-into-wealth-10-promising-european-startups-tackling-the-food-waste-crisis/
Satispay,N/A,Alberto Dalmasso,https://www.satispay.com/en-it/,https://www.eu-startups.com/2024/11/milan-based-satispay-secures-e60-million-to-expand-its-mobile-payments-and-employee-benefits-platform/
Spoons,"Bending Spoons, a Milan",N/A,https://bendingspoons.com,https://www.eu-startups.com/2025/08/italys-bending-spoons-raises-over-e500-million-to-turbocharge-tech-acquisitions/
NA,N/A,N/A,https://www.british-business-bank.co.uk/,https://www.eu-startups.com/2026/06/british-business-bank-portfolio-passes-50-companies-after-e695-million-scale-up-push/
NA,N/A,Luca Cassia and Roberto Fumarola and was accelerated by Nana Bianca in Florence,https://www.qapla.it/en/,https://www.eu-startups.com/2020/11/italian-startup-qapla-lands-e950k-to-grow-its-innovative-shipment-management-system/
Everli,N/A,N/A,https://everli.com/,https://www.eu-startups.com/2021/03/milan-based-everli-secures-e85-2-million-to-accelerate-eu-expansion-of-its-online-grocery-marketplace/
Foreverland,"Foreverland, a startup that has developed and patented a revolutionary carob",N/A,https://foreverland.it/,https://www.eu-startups.com/2024/10/italian-foodtech-foreverland-raises-e3-4-million-to-redefine-the-future-of-chocolate/
NA,Rome,N/A,https://getswitch.io,https://www.eu-startups.com/2025/02/e946k-for-switch-to-innovate-urban-mobility-and-logistics-with-ai/
NA,Milan,N/A,http://www.indexventures.com/,https://www.eu-startups.com/2011/01/index-ventures-ditching-web-for-classic-businesses/
NA,The Milan,N/A,https://beintoo.com/,https://www.eu-startups.com/2011/01/italian-startup-beintoo-closes-angel-round-to-gamify-mobile-apps/
Pulp,"AlterEco Pulp, a Rome","the Corazzi family, AlterEco is allegedly among the first companies in Europe to develop cellulosic fiber molding technology, with the goal of creating truly sustainable packaging",https://alterecopulp.it/,https://www.eu-startups.com/2025/08/italys-altereco-pulp-raises-e3-5-million-for-its-eco-sustainable-packaging-solution/
NA,Christophe Maire is a Berlin,N/A,https://www.crunchbase.com/person/xavier-niel,https://www.eu-startups.com/2017/12/top-40-business-angels-that-are-rocking-europe-and-help-startups-grow/
Robotics,"Mirai Robotics, a Puglia",Luciano Belviso,https://miraitech.ai/,https://www.eu-startups.com/2026/03/italys-ai-robotics-startup-mirai-robotics-raises-e3-6-million-to-build-autonomous-systems-for-maritime-operations/
NA,"Crespo and Romain Niccoli
Paris",championing diversity and leadership excellence,https://www.pennylane.com/fr,https://www.eu-startups.com/2024/12/from-startup-to-superstar-european-startups-that-achieved-the-coveted-unicorn-status-in-2024/
NA,N/A,Massimo Sabatini,https://foreverland.it/it/,https://www.eu-startups.com/2026/03/italys-foreverland-unwraps-e6-million-to-sweeten-the-european-expansion-of-its-cocoa-free-chocolate-alternative/
NA,The startup has already established premium retail partners such as London,N/A,https://cosaporto.it/en/,https://www.eu-startups.com/2021/04/rome-based-cosaporto-premium-tech-delivery-brand-lands-e1-8-million-to-expand-internationally/
Neosurance,N/A,N/A,https://www.neosurance.eu/,https://www.eu-startups.com/2020/04/neosurance-raises-e1-1-million-to-sell-insurance-in-7-seconds-on-mobile/
NA,Milan,N/A,N/A,https://www.eu-startups.com/2011/03/interview-with-danilo-gasparrini-hotelyo/
NA,Stockholm,Sebastien Archambeaud a father to a boy with a muscle disease,https://aid.technology/,https://www.eu-startups.com/2018/10/10-european-startups-fostering-social-change/
Sibill,N/A,N/A,https://sibill.com/,https://www.eu-startups.com/2024/06/milan-based-sibill-secures-e6-2-million-to-simplify-and-automate-financial-operations-for-italian-smbs/
Tuidi,Putignano,N/A,https://www.tuidi.ai,https://www.eu-startups.com/2025/10/italys-tuidi-secures-e3-million-to-optimise-grocery-retail-through-ai-driven-store-management/
NA,N/A,N/A,https://en.wikipedia.org/wiki/Riccardo_Zacconi,https://www.eu-startups.com/2017/11/riccardo-zacconi-founder-and-ceo-of-king-com-will-join-us-as-a-speaker-at-the-eu-startups-summit/
NA,N/A,simplifying the process of selling digital goods online,https://sellix.io/,https://www.eu-startups.com/2023/07/eu-startups-podcast-episode-37-daniele-servadei-founder-and-ceo-of-sellix/
Japalit,Milan,N/A,https://www.japal.it/,https://www.eu-startups.com/2020/04/japal-raises-e300k-to-deliver-grocery-and-home-brands-to-italians-in-quarantine/
NA,N/A,N/A,N/A,https://www.eu-startups.com/2011/01/blog-network-blogo-was-recently-bought-by-populis/
NA,N/A,N/A,http://www.vikey.it,https://www.eu-startups.com/2020/11/italian-startup-vikey-lands-e800k-to-enable-self-check-in-for-accomodation/
NA,This Munich,N/A,https://technation.io/emerging-energy-tech-report-2022/#global-energy-tech,https://www.eu-startups.com/2022/12/10-european-wind-energy-startups-that-will-blow-you-away/
NA,"Digital Magics, a Milan",N/A,N/A,https://www.eu-startups.com/2013/07/italian-incubator-digital-magics-listed-on-the-stock-exchange/
ISAAC,Startups coverage includes Barcelona,N/A,https://isaacantisismica.com/en/,https://www.eu-startups.com/2026/03/milan-based-isaac-raises-e14-million-to-expand-earthquake-resilience-technology-for-the-construction-sector/
NA,Lublin,N/A,https://aleet.co/,https://www.eu-startups.com/2024/05/innovators-in-defence-10-european-startups-shaping-the-future-of-global-security/
NA,UK,N/A,https://www.osneycapital.com/,https://www.eu-startups.com/2026/06/amid-rising-uk-cyber-talent-growth-osney-capital-closes-oversubscribed-e69-million-debut-fund/
NA,"Macai, a Milan",N/A,https://www.macaiapp.com/,https://www.eu-startups.com/2021/11/milan-based-macai-bags-e2-6-million-to-launch-new-digital-supermarket/
NA,N/A,N/A,http://www.crunchbase.com/,https://www.eu-startups.com/2017/10/top-15-europes-biggest-startup-hubs-in-2017/
NA,N/A,When we interviewed Roberta Pellegrino,https://www.frescofrigo.it/,https://www.eu-startups.com/2021/03/how-the-pandemic-is-reversing-italys-brain-drain-interviews-with-the-italian-startup-ecosystem/
NA,"Ittinsect, a Rome",N/A,https://ittinsect.com/,https://www.eu-startups.com/2023/02/italian-biotech-startup-ittinsect-secured-e750k-to-develop-a-sustainable-alternative-to-aquaculture-feed/
Microsoft,Using the power of cloud,N/A,https://www.solaircorporate.com/en/,https://www.eu-startups.com/2016/05/microsoft-acquires-solair-service-that-deliveres-innovative-internet-of-things/
NA,Milan,N/A,https://www.bendingspoons.com/,https://www.eu-startups.com/2026/06/milan-based-bending-spoons-files-for-nasdaq-ipo-is-europe-losing-another-tech-contender/
Easyrain,Rivoli,N/A,https://easyrain.it/,https://www.eu-startups.com/2023/07/italian-startup-easyrain-secures-e5-8-million-to-keep-saving-more-lives-in-wet-roads/
NA,Farm is a Stockholm,N/A,https://www.arubacloud.com/aruba-cloud-startup-program/introduction.aspx,https://www.eu-startups.com/2017/04/meet-the-15-startups-that-made-it-to-the-finals-of-our-pitch-competition-on-april-13-in-berlin/
NA,"JUSP, the Milan",N/A,N/A,https://www.eu-startups.com/2013/04/6mln-for-jusp-the-italian-startup-that-turns-your-smartphone-into-a-pos/
Media,"Covision Media, a Bressanone",N/A,https://www.covisionmedia.ai/en,https://www.eu-startups.com/2025/03/backed-by-meta-and-adidas-covision-media-raises-e5-million-to-lead-the-3d-content-revolution/
NA,Bologna,"Alessandro Rizzoli, Marco Bellinaso and Federico Sita",http://www.mopapp.com,https://www.eu-startups.com/2012/03/the-bologna-connection-mopapp-receives-e15m-from-crif/
NA,Stockholm,Antonino Caccamo,https://www.acubeapi.com/en-it/,https://www.eu-startups.com/2026/05/a-cube-lands-e4-million-to-support-e-invoicing-and-real-time-tax-reporting-expansion-from-italy/
NA,A Lisbon,N/A,https://www.academiadecodigo.org/,https://www.eu-startups.com/2019/07/the-15-best-coding-schools-and-coding-bootcamps-in-europe/
Resilico,N/A,N/A,https://resilco.it,https://www.eu-startups.com/2025/03/cleantech-startup-resilico-secures-e5-million-to-transform-the-industrial-waste-sector/
Labs,Utrecht,N/A,https://leydenlabs.com/,https://www.eu-startups.com/2026/06/leyden-labs-secures-e40-million-to-develop-intranasal-protection-against-influenza-and-coronaviruses/
NA,N/A,N/A,https://king.com/de,https://www.eu-startups.com/2020/07/episode-2-of-the-eu-startups-podcast-interview-with-riccardo-zacconi-founder-of-king-com-candy-crush-etc/
NA,"Bending Spoons, a Milan",N/A,https://www.siliconrepublic.com/business/evernote-bending-spoons-acquisition-notetaking-app,https://www.eu-startups.com/2024/07/milan-based-bending-spoons-announces-the-acquisition-of-digital-publishing-platform-issuu/
NA,Milan,"connecting a credit card to the app, customers can forget about lines and cash",https://boom.co/,https://www.eu-startups.com/2021/08/10-promising-milan-based-startups-worth-following-in-2021-and-beyond/
startup,Italian,"Matteo Esposito, Paolo Pascolo, Flora Caroli and Luca Ferrari Trecate, is a company specialized in the simulation of retail spaces, showrooms, products and shopping experiences",https://invrsion.com/,https://www.eu-startups.com/2020/05/milan-based-invrsion-virtual-reality-startup-raises-e3-million/
NA,"Bionyra Pharma, a Paris and Boston",an exceptional syndicate of investors who share our belief in this pipeline and the team behind it,https://bionyra.com/,https://www.eu-startups.com/2026/06/frances-bionyra-pharma-launches-with-e143-million-series-a-to-advance-inflammatory-disease-biologics/
NA,N/A,N/A,N/A,https://www.eu-startups.com/2024/02/weekly-funding-round-up-all-of-the-european-startup-funding-rounds-we-tracked-this-week-february-19-february-23/
NA,N/A,N/A,https://www.gruppotim.it/it.html,https://www.eu-startups.com/2020/07/tim-launches-e150-million-fund-for-late-stage-innovative-enterprises-in-italy-and-europe/
NA,N/A,N/A,https://goodnews.coffee,https://www.eu-startups.com/2023/10/the-perfect-blend-10-promising-european-coffee-startups-to-watch/
NA,The Milan,N/A,http://www.Fubles.com,https://www.eu-startups.com/2011/03/sport-community-fubles-jus-raised-300000-euro/
NA,This Milan,N/A,https://startupitalia.eu/102066-20181217-522-milioni-euro-raccolti-dalle-startup-nel-2018-tutti-finanziamenti,https://www.eu-startups.com/2019/01/10-italian-startups-to-watch-out-for-in-2019/
NA,N/A,N/A,N/A,https://www.eu-startups.com/2026/06/weekly-funding-round-up-all-of-the-european-startup-funding-rounds-we-tracked-this-week-june-15-june-19/
NA,Paris,N/A,https://agricool.co/,https://www.eu-startups.com/2019/06/10-success-stories-showing-that-social-entrepreneurship-can-be-profitable/
Orbital,N/A,providing reliable and cost efficient rendezvous and docking technology,https://kursorbital.com/,https://www.eu-startups.com/2024/03/turin-based-spacetech-kurs-orbital-secures-e3-7-million-to-democratise-in-orbit-servicing-and-logistics/
Lexroomai,Milan,"Paolo Fois, Martina Domenicali, and Andrea Lonza, Lexroom",https://www.lexroom.ai,https://www.eu-startups.com/2025/03/lexroom-ai-raises-e2-million-to-transform-legal-researchwith-vertical-generative-ai/
NA,N/A,N/A,https://bizaway.com/en/,https://www.eu-startups.com/2023/07/milan-based-scaleup-bizaway-bags-e10-million-to-consolidate-operations-in-the-business-travel-sector/
Contents,N/A,N/A,https://www.contents.com/demo/,https://www.eu-startups.com/2026/02/milan-based-contents-secures-e5-9-million-for-ai-workflow-platform-sets-up-doha-hub-for-middle-east-expansion/
Qomodo,"Qomodo, the Milan",N/A,https://www.qomodo.me,https://www.eu-startups.com/2025/01/fintech-qomodo-raises-e13-5-million-to-revolutionise-payments-for-physical-merchants/
NA,Series A for space,N/A,N/A,https://www.eu-startups.com/2026/06/syracuse-based-archimede-closes-e1-5-million-seed-round-for-remote-infrastructure-monitoring/
NA,N/A,N/A,http://www.ad4ventures.com/,https://www.eu-startups.com/2021/01/boost-your-italy-spain-expansion-with-a-media-for-equitiy-deal-sponsored/
NA,N/A,N/A,http://www.gostudent.org/,https://www.eu-startups.com/2021/01/vienna-based-online-tutoring-startup-gostudent-expands-to-5-more-european-countries/
NA,N/A,N/A,https://www.fintechdistrict.com/,https://www.eu-startups.com/2020/03/our-fintech-community-has-come-together-to-support-the-fight-against-covid-19-interview-with-head-of-fintech-district-alessandro/
NA,Milan,N/A,https://timeflow.it,https://www.eu-startups.com/2025/02/timeflow-closes-e4-million-funding-round-to-expand-abroad-and-develop-ai-features/
NA,N/A,Daniele Panfilo,https://www.aindo.com/,https://www.eu-startups.com/2023/10/trieste-based-aindo-bags-e6-million-series-a-to-use-synthetic-data-for-training-machine-learning-models/
NA,N/A,N/A,https://www.muscope.com/,https://www.eu-startups.com/2023/06/milan-based-muscope-closes-an-e800k-round-to-consolidate-its-cybersecurity-presence-in-italy-and-expand-in-eu/
Hotiday,Milan,N/A,https://www.hotiday.com,https://www.eu-startups.com/2025/05/italian-traveltech-startup-hotiday-raises-e5-5-million-to-create-the-first-decentralised-global-hotel/
NA,N/A,N/A,https://corporate.aboutyou.de/en,https://www.eu-startups.com/2026/06/the-eu-startups-podcast-interview-with-tarek-muller-co-founder-co-ceo-about-you/
wine,Milan,N/A,http://www.tannico.co.uk/,https://www.eu-startups.com/2016/10/tannico-italian-online-retailer-for-fine-wine-secures-e3-8m-in-a-series-a-funding-round/
Group,N/A,N/A,https://besafegroup.com/,https://www.eu-startups.com/2022/04/rome-based-besafe-group-secures-e1-2-million-for-its-insurtech-for-the-travel-industry/
NA,N/A,"brands such as Brex, Rippling, Navan, Qantas, SHEIN and many more",https://casavo.com/en/,https://www.eu-startups.com/2023/11/giorgio-tinacci-founder-ceo-of-italian-unicorn-casavo-will-speak-at-next-years-eu-startups-summit/
NA,London,N/A,https://www.theguardian.com/news/2018/sep/14/finally-a-cure-for-insomnia,https://www.eu-startups.com/2018/10/10-promising-startups-that-are-tackling-sleeping-disorders/
NA,N/A,Francesco Nazzari Fusetti,http://www.charitystars.com/,https://www.eu-startups.com/2016/08/charitystars-closes-e2-million-series-a-funding-round-to-accelerate-the-international-expansion/
NA,N/A,N/A,http://www.wind.co/,https://www.eu-startups.com/2019/12/berlin-based-wind-wins-official-e-scooter-partnership-with-milan-city/
NA,N/A,the ambition to reduce water and soil waste in agriculture through a technology that combines soilless cultivation and fish farming,https://www.thecircle.global/,https://www.eu-startups.com/2023/10/rome-based-the-circle-snaps-e2-1-million-to-expand-aquaponic-farm-operation-targeting-the-restaurant-industry/
NA,"Translated, an Italy and US",Marco Trombetti,https://translated.com/welcome,https://www.eu-startups.com/2021/06/italy-and-us-based-translated-nabs-e25-2-million-to-boost-its-end-to-end-translation-platform/
NA,N/A,N/A,https://www.betahaus.com/,https://www.eu-startups.com/2020/11/eu-startups-podcast-episode-10-the-status-quo-and-future-of-coworking-with-the-ceos-of-betahaus-and-talent-garden/
NA,"As part of the global network of Talent Garden venues, the Turin",N/A,http://spazio19.it/,https://www.eu-startups.com/2018/10/the-10-coolest-coworking-spaces-in-turin/
NA,The Rome,everyone,https://dealroom.co/blog/where-is-italy-at-for-startups-and-investment,https://www.eu-startups.com/2022/01/10-italian-startups-to-watch-in-2022-and-beyond/
BOOM,N/A,N/A,https://boom.co/,https://www.eu-startups.com/2022/06/milan-based-boom-acquires-lemonone-as-the-demand-for-visual-content-soars/
NA,Milan,N/A,N/A,https://www.eu-startups.com/2021/07/it-is-in-our-nature-to-be-pioneers-we-are-not-wired-to-wait-around-for-a-return-to-normality-interview-with-boom-founder-federico-mattia-dolci/
NA,Rome and London,N/A,https://lumen.ventures/,https://www.eu-startups.com/2020/07/italian-vc-lumen-ventures-launches-a-e25-million-fund-for-innovative-tech-startups/
NA,N/A,N/A,http://www.hephaestusventure.it/,https://www.eu-startups.com/2018/01/hephaestus-venture-launches-a-new-accelerator-in-milan-sponsored/
NA,N/A,N/A,https://www.epicuramed.it/,https://www.eu-startups.com/2021/09/italy-based-epicura-lands-e5-million-for-its-digital-health-platform/
NA,"Based in Grenoble, France, BeFC specialises in creating sustainable energy solutions using paper",N/A,https://www.iea.org/reports/world-energy-outlook-2023,https://www.eu-startups.com/2023/11/shaping-a-greener-future-europes-25-most-promising-renewable-energy-startups/
NA,Warsaw,N/A,https://alsendo.com/,https://www.eu-startups.com/2025/07/warsaw-based-alsendo-expands-into-western-europe-with-the-acquisition-of-italian-shipping-platform-spedire-com/
NA,N/A,N/A,http://www.earlybird.com,https://www.eu-startups.com/2013/01/first-call-for-the-techpeaks-program/
Tundr,Milan,N/A,https://tundr.tech,https://www.eu-startups.com/2025/04/italian-fintech-tundr-secures-e7-2-million-to-scale-its-digital-platform-for-corporate-welfare/
NA,"Italian foodtech Dreamfarm, a startup specializing in plant",N/A,https://dream-farm.it/,https://www.eu-startups.com/2023/11/parma-based-dreamfarm-snaps-e5-million-to-create-an-innovation-hub-for-plant-based-cheese-alternatives/
NA,"FLEEP Technologies, a Milan",the IIT research group Printed and Molecular Electronics,https://www.fleeptech.com/,https://www.eu-startups.com/2020/10/milan-based-fleep-technologies-completes-e900k-seed-round-to-bring-printed-electronics-to-market/
NA,London,Stephen McCreath,https://verkkorobotics.com/,https://www.eu-startups.com/2026/06/verkko-robotics-launch-voltaic-a-cost-and-energy-saving-spiking-neural-inference-model-sponsored/
NA,N/A,N/A,https://www.eventbrite.it/e/startup-is-my-way-tickets-29372448785,https://www.eu-startups.com/2016/11/join-startup-is-my-way-an-exciting-event-for-students-and-young-entrepreneurs-on-december-6-in-treviso-italy/
NA,Milan,"Andrea Galassi and David Bassani, Maia Ventures is active in supporting alternative investment funds in the AgriFoodTech space",https://maia.vc/,https://www.eu-startups.com/2025/10/presenting-maia-ventures-and-their-e55-million-fund-looking-to-connect-italys-world-class-food-industry-with-innovation/
Acodyne,Copenhagen,Jasmina Pless,https://www.acodyne.com/,https://www.eu-startups.com/2026/06/unmanned-cargo-aircraft-developer-acodyne-secures-e2-5-million-for-defence-and-offshore-logistics/
NA,Milan,N/A,N/A,https://www.eu-startups.com/2011/05/acabiz-the-web-based-knowledge-trading-platform/
NA,N/A,N/A,https://www.digitalmagics.com/,https://www.eu-startups.com/2014/12/digital-magics-signs-eur-1-mln-financing-with-gruppo-banca-sella/
NA,This Milan,N/A,https://babacomarket.com/,https://www.eu-startups.com/2023/03/10-incredibly-exciting-italian-startups-to-watch-in-2023/
NA,Tanaza is a Milan,N/A,http://www.Tanaza.com,https://www.eu-startups.com/2012/05/interview-with-sebastiano-bertani-tanaza/
Sibill,Milan,"Mattia Montepara, Lorenzo Liguori, and Dario Prencipe, Sibill simplifies the administrative and financial management of Italian SMEs by centralising invoices, payments, and deadlines in a single platform",https://sibill.com,https://www.eu-startups.com/2025/06/italian-fintech-startup-sibill-raises-e12-million-to-bring-all-in-one-finance-platform-to-italian-smes-and-accountants/
NA,N/A,N/A,https://boomimagestudio.com/,https://www.eu-startups.com/2020/03/its-important-to-maintain-certain-habits-in-order-to-find-a-balance-interview-with-boom-imagestudios-founder-federico/
Quindi,N/A,N/A,https://www.quindi.ai/eng,https://www.eu-startups.com/2024/12/padua-based-quindi-raises-e525k-to-accelerate-development-of-its-ai-production-copilot-for-smart-manufacturing/
NA,The London,"Jack Stroeken, Ekomenu is a foodbox scheme focusing on healthy menus for the conscious consumer and consumers with specific needs, including vegetarian, vegan, low carb, gluten free, lactose free, pregnancy, diabetes, weight loss, protein rich and other diets",https://www.mindfulchef.com/,https://www.eu-startups.com/2020/05/coolest-food-box-startups-speeding-through-2020/
NA,London,N/A,N/A,https://www.eu-startups.com/2019/03/startup-jobs-of-the-week-kisi-netrivals-blueoptima-and-vitrealab-are-hiring/
TeiaCare,The Milan,N/A,https://teiacare.com/,https://www.eu-startups.com/2019/11/italian-healthtech-startup-teiacare-raises-e1-1-million-in-funding-for-pioneering-monitoring-technology/
NA,N/A,N/A,http://www.scuter.co/,https://www.eu-startups.com/2021/11/rome-based-scuter-drives-off-with-e3-million-to-develop-new-sustainable-urban-mobility-vehicle/
NA,N/A,N/A,https://www.cloudflarestatus.com,https://www.eu-startups.com/2025/11/european-startups-helping-reduce-the-risk-of-outages-like-todays-cloudflare-disruption/
NA,N/A,N/A,https://www.axios.com/2025/08/18/basic-capital-401k-private-credit,https://www.eu-startups.com/2026/06/can-european-startups-learn-from-u-s-storytelling/
NA,N/A,N/A,N/A,https://www.eu-startups.com/2026/04/weekly-funding-round-up-all-of-the-european-startup-funding-rounds-we-tracked-this-week-apr-13-apr-17/
Vibes,N/A,N/A,https://phononicvibes.com/,https://www.eu-startups.com/2020/10/milan-based-deeptech-phononic-vibes-raises-e2-3-million-for-its-innovative-noise-and-vibration-reduction-tech/
IntendiMe,N/A,N/A,https://www.intendime.com/,https://www.eu-startups.com/2020/05/sardinia-based-intendime-raises-e2-3-million-for-its-hearing-technology/
Emotiva,"Emotiva, the Milan",N/A,https://emotiva.it/en/emotion-ai-company/,https://www.eu-startups.com/2021/11/milan-based-ai-startup-emotiva-raises-e610k-to-analyse-peoples-emotional-responses-in-real-time/
NA,Glasgow,N/A,https://blusho.com/,https://www.eu-startups.com/2017/07/10-european-startups-with-the-potential-to-disrupt-the-beauty-industry/
NA,N/A,N/A,https://8f3b62ab.streaklinks.com/CKq_55Rl5faMTOumjQpX21DL/http%3A%2F%2Fwww.cyberguru.io%2F,https://www.eu-startups.com/2024/10/rome-based-cyber-guru-bags-e23-million-series-b-to-expand-its-cybersecurity-training-platform/
NA,N/A,N/A,https://www.rent2cash.it/,https://www.eu-startups.com/2024/07/rome-based-rent2cash-closes-e3-million-to-launch-rental-advance-platform-for-property-owners/
Wonderflow,Toronto,"Italian entrepreneurs Riccardo Osti, Giovanni Gaglione, and Michele Ruini",https://www.wonderflow.ai/,https://www.eu-startups.com/2021/06/amsterdam-based-wonderflow-secures-e16-5-million-to-help-companies-learn-from-customer-feedback/
HR,N/A,Francesco Scalambrino,https://www.jethr.com/,https://www.eu-startups.com/2023/06/milan-based-jet-hr-raises-e4-7-million-in-one-of-italys-largest-pre-seed-rounds-aiming-to-revolutionise-hr-management/
NA,N/A,N/A,https://www.bedimensional.com/,https://www.eu-startups.com/2023/09/genoa-based-bedimensional-raised-e5-million-aiming-to-revolutionise-2d-crystal-applications/
StepsConnect,N/A,"Recruiters, making job advertisements more attractive, allowing candidates to search for jobs more efficiently and maintaining the social channel as one of its distinctive elements on the market, together with AI to support talent acquisition",https://www.stepsconnect.com/,https://www.eu-startups.com/2024/04/milan-based-job-search-startup-stepsconnect-raises-e1-million-to-expand-its-recruitment-platform-abroad/
NA,N/A,N/A,http://redis.io/,https://www.eu-startups.com/2011/01/an-interview-with-salvatore-sanfilippo-creator-of-redis-working-out-of-sicily/
NA,N/A,N/A,https://boom.co/,https://www.eu-startups.com/2020/05/10-european-startups-refreshing-the-photography-industry/
Tutornow,Lomazzo,"Riccardo Sciortino, Nicola De Carlo, Andrei Braila, and Luca Dei Rossi, Tutornow has developed a digital platform that makes learning more accessible and effective through personalised lessons and interactive tools",https://www.tutornow.ch,https://www.eu-startups.com/2025/05/italian-edtech-startup-tutornow-raises-e1-million-to-scale-their-accessible-and-personalised-lessons/
Glaut,"Glaut, a Milan",Matteo Cera,https://www.glaut.com/,https://www.eu-startups.com/2024/04/milan-based-glaut-secures-over-e1-3-million-to-help-b2c-businesses-uncover-customer-insights-through-conversational-surveys/
NA,Alice Bentinck is a London,N/A,http://www.eban.org/about/eban-governance,https://www.eu-startups.com/2018/10/top-50-europes-most-influential-women-in-the-startup-and-venture-capital-space-3/
NA,The Naples,N/A,N/A,https://www.eu-startups.com/2013/01/admantx-closes-a-second-round-with-atlante-ventures-mezzogiorno/
NA,Zurich,N/A,N/A,https://www.eu-startups.com/2019/03/startup-jobs-of-the-week-join-machinio-wild-code-school-what-digital-or-busuu/
Cortilia,Milan,Ivan Farneti,https://www.cortilia.it/,https://www.eu-startups.com/2019/09/milan-based-cortalia-raises-e8-5-million-to-deliver-fresh-food-from-farms-to-doorsteps-across-northern-italy/
NA,N/A,N/A,https://www.amazon.co.uk/new-prince-Why-how-startup/dp/B07MGK7W37/,https://www.eu-startups.com/2019/08/why-and-how-to-build-a-startup-chapter-5-diversity/
NA,"Openchip, a Barcelona",N/A,https://openchip.com/,https://www.eu-startups.com/2026/06/spains-openchip-lands-e115-million-sett-investment-to-strengthen-europes-semiconductor-capabilities/
NA,N/A,N/A,N/A,https://www.eu-startups.com/2024/02/weekly-funding-round-up-all-of-the-european-startup-funding-rounds-we-tracked-this-week-january-28-february-2/
NA,The Austria,"sharing their skills, while at the same time addressing the language skills shortage",https://wearechatterbox.org/,https://www.eu-startups.com/2018/09/10-european-startups-tackling-the-refugees-crisis/
profitize,AI,Simon Falkensteiner and Michael Gorfer,https://www.profitize.io/en,https://www.eu-startups.com/2026/05/south-tyrols-profitize-raises-e1-4-million-to-scale-ai-powered-financial-planning-for-the-hospitality-sector/
NA,N/A,N/A,http://workitout.it,https://www.eu-startups.com/2017/07/overview-10-of-the-best-co-working-spaces-in-rome/
NA,Madrid,N/A,N/A,https://www.eu-startups.com/2019/06/startup-jobs-of-the-week-walkolution-prontopro-byhours-and-veracontent-are-hiring/
startup,N/A,N/A,N/A,https://www.eu-startups.com/2020/04/will-italys-instagram-born-news-startup-raises-e1-2-million-and-launches-podcast/
NA,"Adaptronics, a Bologna",N/A,https://www.adaptronics.it,https://www.eu-startups.com/2025/11/adaptive-grippers-allowing-robots-to-grasp-any-object-drives-e3-15-million-investment-in-italys-adaptronics/
NA,Barcelona,N/A,http://www.crunchbase.com/,https://www.eu-startups.com/2020/11/top-30-europes-biggest-startup-hubs-in-2020/
NA,N/A,N/A,https://www.betahaus.com/,https://www.eu-startups.com/2020/05/interview-with-co-founder-and-ceo-of-betahaus-madeleine/
Fund,N/A,N/A,https://italianfoundersfund.com/,https://www.eu-startups.com/2024/06/milan-based-vc-italian-founders-fund-raises-inaugural-e50-million-for-seed-and-pre-seed-startups/
NA,This Antwerp,N/A,https://mrjeffapp.net/es,https://www.eu-startups.com/2019/03/saving-time-for-women-and-men-on-the-go-10-startups-that-help-with-household-tasks/
NA,Palermo,new potential customers,http://biscuitway.com,https://www.eu-startups.com/2022/11/10-super-promising-sicilian-startups-to-watch-over-the-next-year/
NA,"Headquartered in Milan, Serenis provides video",N/A,https://health.ec.europa.eu/state-health-eu/health-glance-europe_en,https://www.eu-startups.com/2023/10/mind-matters-10-promising-early-stage-startups-pioneering-mental-health-advancements-in-europe/
AptusAI,N/A,Andrea Tesei,https://www.aptus.ai/,https://www.eu-startups.com/2023/11/pisa-based-regtech-aptus-ai-raises-e3-million-to-transform-compliance-activities-into-business-opportunities/
NA,The resulting data,N/A,https://igenius.ai/,https://www.eu-startups.com/2020/09/milan-based-scaleup-igenius-launches-its-virtual-data-advisor-in-the-us/
NA,N/A,Banca Sella,https://getpenta.com/,https://www.eu-startups.com/2019/11/the-rise-of-challenger-banks-and-the-future-of-sme-banking-interview-with-penta-co-founder-and-cmo-matteo-concas/
NA,N/A,N/A,https://www.weroad.travel/,https://www.eu-startups.com/2023/11/milan-based-weroad-takes-off-with-e18-million-series-b-to-reinvent-group-adventure-travel-for-millennials/
NA,The Rome,doing,https://wittypower.com/es/,https://www.eu-startups.com/2022/08/10-rising-stars-from-romes-thriving-startup-scene/
NA,N/A,mitigating muscle fatigue and injury risks during dynamic tasks,https://agade-exoskeletons.com,https://www.eu-startups.com/2024/04/10-milan-based-startups-to-watch-in-2024-and-beyond/
Filo,Rome,LVenture Group,https://www.filotrack.com/,https://www.eu-startups.com/2020/04/filo-raises-e2-5-million-to-boost-its-smart-alarm-for-kids-car-seats/
IdentifAI,"IdentifAI, a Cesena",N/A,https://identifai.net/,https://www.eu-startups.com/2025/07/italian-cybersecurity-platform-identifai-raises-e5-million-to-tackle-the-rise-of-deepfakes-with-detection-platform/
NA,Aquila,N/A,https://www.exolabitalia.net,https://www.eu-startups.com/2025/02/exolab-italia-lands-e5-million-to-scale-plant-exosome-innovation-globally/
NA,N/A,This time I had the opportunity to speak with David Cuartielles,https://www.arduino.cc/,https://www.eu-startups.com/2020/05/it-takes-a-lot-of-work-and-having-a-certain-attitude-interview-with-arduinos-ceo-and-coronavirusmakers-david-cuartielles/
Aryel,N/A,N/A,https://aryel.io/,https://www.eu-startups.com/2023/02/milan-based-aryel-raises-e3-7-million-to-empower-a-new-era-of-ar-based-content/
Playtomic,"PrenotaUnCampo, an Italy",N/A,https://playtomic.io/,https://www.eu-startups.com/2020/07/madrid-based-playtomic-acquires-milan-based-prenotauncampo-to-become-europes-leading-racket-sports-app/
Voidless,N/A,N/A,https://www.voidless-packaging.com/,https://www.eu-startups.com/2024/02/milan-based-voidless-raises-e2-2-million-to-confront-the-overpackaging-problem-with-box-on-demand-solution/
NA,"Santtu Parikka and Ville Miettinen, Glue Collaboration is a Helsinki",N/A,https://www.businessinsider.com/zoom-ceo-security-concerns-privacy-missteps-2020-4?IR=T,https://www.eu-startups.com/2020/05/5-european-ar-and-vr-startups-helping-us-all-work-remotely/
NA,Milan,"Julia Hartz, Kevin Hartz, and Renaud Visage, has grown into one of the most recognised platforms in the experience economy",https://bendingspoons.com,https://www.eu-startups.com/2025/12/italys-trailblazer-bending-spoons-adds-eventbrite-to-portfolio-in-e430-million-all-cash-acquisition/
NA,N/A,N/A,https://www.amazon.co.uk/new-prince-Why-how-startup/dp/B07MGK7W37/,https://www.eu-startups.com/2019/09/why-and-how-to-build-a-startup-chapter-11-money/
NA,"IdentifAI, a Milan",Matteo Fago,https://identifai.net/,https://www.eu-startups.com/2024/09/milan-based-identifai-gets-e2-2-million-to-detect-fake-ai-generated-content-online/
NA,Trentino,N/A,https://www.smartness.com/en,https://www.eu-startups.com/2026/05/italian-traveltech-startup-smartness-closes-e47-million-series-b-for-european-expansion/
NA,This Barcelona,fellow travellers,https://www.easytip.net/,https://www.eu-startups.com/2023/09/meet-europes-top-50-travel-startups-of-2023-premium-report/
NA,N/A,N/A,https://surfshark.com,https://www.eu-startups.com/2025/10/european-startups-get-serious-about-deepfakes-as-ai-fraud-losses-surpass-e1-3-billion/
Cellply,Contrary to traditional chemical,"Massimo Bocchi and Roberto Guerrieri, Cellply stands out in the biotech arena for its specialization in assessing the efficacy of immunotherapies in cancer treatments",https://cellply.com/,https://www.eu-startups.com/2023/09/bologna-based-cellply-secures-e3-6-million-and-sets-sights-on-future-growth/
NA,N/A,N/A,N/A,https://www.eu-startups.com/2026/06/weekly-funding-round-up-all-of-the-european-startup-funding-rounds-we-tracked-this-week-june-22-june-26/
Company,N/A,N/A,https://www.exploration.space/,https://www.eu-startups.com/2024/11/munich-based-the-exploration-company-secures-e160-million-to-further-develop-their-reusable-spacecraft/
NA,This Maastricht,Italian data engineer Mattia Spinelli and is based in London,https://www.theguardian.com/technology/2017/may/07/the-great-british-brexit-robbery-hijacked-democracy,https://www.eu-startups.com/2018/11/10-european-startups-protecting-us-from-fake-news-and-data-privacy-breaches/
NA,Milan,Alberto Dalmasso,https://www.satispay.com/en-it/,https://www.eu-startups.com/2026/06/italian-fintech-unicorn-satispay-plans-e120-million-raise-secures-nearly-e60-million-from-existing-investors/
NA,Percept Imagery is a UK,N/A,https://aws.amazon.com/activate/,https://www.eu-startups.com/2019/04/meet-the-15-startups-that-made-it-to-the-finals-of-our-pitch-competition-on-may-2-3-in-barcelona/
ProntoPro,Milan,N/A,https://www.prontopro.it/,https://www.eu-startups.com/2019/01/milan-based-professional-marketplace-prontopro-raises-e6-million/
NA,N/A,N/A,N/A,https://www.eu-startups.com/2012/04/naroomi-the-next-big-thing/
NA,CEO and founder of the Milan,N/A,http://www.hephaestusventure.it/,https://www.eu-startups.com/2018/04/hephaestus-venture-is-building-a-bridge-between-corporate-venture-capital-and-startups-in-the-us-and-italy-sponsored/
NA,N/A,N/A,https://www.houdinibio.com/,https://www.eu-startups.com/2026/06/houdini-bio-emerges-from-stealth-with-e1-7-million-to-tackle-dna-silencing-in-gene-therapies/
Space,N/A,"managing and procuring the entire ground segment system through a complete set of services, including time shared access to ground, customize telecommunication solutions, ground station procurement, consultancy and backup services",https://leaf.space/,https://www.eu-startups.com/2021/01/milan-based-spacetech-startup-leaf-space-secures-e5-million-funding/
NA,N/A,recovering energy from wave motion,https://www.seares.it/,https://www.eu-startups.com/2020/12/tuscan-startup-seares-lands-e400k-for-its-innovative-nautical-tech/
Renewcast,N/A,N/A,https://renewcast.com,https://www.eu-startups.com/2025/09/romes-renewcast-secures-e1-million-for-its-renewable-energy-forecasting-tech/
NA,WeRoad is a Milan,N/A,https://www.weroad.travel/,https://www.eu-startups.com/2022/08/the-weroad-journey-connecting-people-culture-and-stories-interview-with-erika-de-santi/
Seqana,"Seqana, a Berlin",Stefan Goenner,https://www.seqana.com/,https://www.eu-startups.com/2026/06/berlin-based-seqana-secures-e3-2-million-to-quantify-soil-health-using-satellite-imagery-and-machine-learning/
NA,N/A,N/A,https://www.amazon.co.uk/new-prince-Why-how-startup/dp/B07MGK7W37/,https://www.eu-startups.com/2019/09/why-and-how-to-build-a-startup-chapter-9-engineers/
Wibo,Turin,N/A,https://www.wibo.app/en,https://www.eu-startups.com/2025/06/italian-edtech-startup-wibo-raises-e500k-for-its-upskilling-and-leadership-programmes/
NA,N/A,N/A,http://www.globalstartupawards.com,https://www.eu-startups.com/2019/07/nominations-for-global-startup-awards-are-now-open-in-26-european-countries/
NA,"Lucida AI, a London",Sait Demirci,https://getlucida.com/,https://www.eu-startups.com/2026/06/uk-speech-ai-startup-lucida-ai-lands-e6-1-million-to-develop-speech-native-ai-for-global-communication/
Deliveristo,The cloud,N/A,https://deliveristo.com/,https://www.eu-startups.com/2020/12/milan-based-deliveristo-secures-e4-5-million-to-digitally-connect-suppliers-and-restaurant-owners/
Piece,N/A,Kentaro Sohara,https://getpiece.app/,https://www.eu-startups.com/2023/07/milan-based-real-estate-fintech-piece-secures-e650k-to-empower-a-young-generation-of-property-investors/
NA,N/A,N/A,http://mindthebridge.org/,https://www.eu-startups.com/2013/09/techcrunch-italy-startup-competition-finalists-announced/
Akamas,"Akamas, a Milan",optimising across the entire technology stack,https://www.akamas.io/,https://www.eu-startups.com/2025/02/akamas-secures-e9-6-million-to-expand-into-the-us-and-accelerate-cloud-optimisation/
NA,N/A,N/A,http://www.breedreply.com/,https://www.eu-startups.com/2018/02/interview-with-manuele-angelidis-ceo-breed-reply/
NA,A Venice,Incos Invest,https://www.antlos.com/en/,https://www.eu-startups.com/2016/01/5-italian-startups-to-look-out-for-in-2016/
Toduba,"Toduba, a Turin",N/A,https://toduba.it/en/news-novita-sul-mondo-del-welfare/,https://www.eu-startups.com/2025/07/italian-fintech-platform-toduba-raises-e3-5-million-to-digitise-the-employee-welfare-sector/
NA,"Six Robotics, an Oslo",N/A,https://sixrobotics.com/,https://www.eu-startups.com/2026/06/six-robotics-lands-e12-million-to-advance-unmanned-systems-software-with-norwegian-defence-partners/
NA,N/A,N/A,http://www.crunchbase.com/,https://www.eu-startups.com/2018/11/top-15-europes-biggest-startup-hubs-in-2018/
NA,N/A,N/A,https://www.amazon.co.uk/new-prince-Why-how-startup/dp/B07MGK7W37/,https://www.eu-startups.com/2019/08/why-and-how-to-build-a-startup-chapter-4-pitch/
NA,N/A,N/A,N/A,https://www.eu-startups.com/2013/04/create-web-applications-without-writing-code-with-stamplay/
NA,"Boom, a Denver",those who offer the scholarships,https://picampus.it/,https://www.eu-startups.com/2018/08/a-different-path-to-growth-vc-pi-campus-invests-in-ai-startups-co-founded-by-researchers-and-designers/
Skillvue,Milan,N/A,https://en.skillvue.ai,https://www.eu-startups.com/2025/05/italian-hrtech-skillvue-raises-e5-5-million-to-enable-companies-to-adopt-a-skills-based-approach/
NA,"Zanichelli Editore, a Bologna","Modena bookseller Nicola Zanichelli, Zanichelli Editore has played a central role in shaping Italian cultural and scientific discourse, publishing seminal works by authors such as Carducci and Pascoli, and early Italian translations of landmark texts by Charles Darwin and Albert Einstein",https://www.zanichelli.it,https://www.eu-startups.com/2025/06/italian-publishing-house-zanichelli-editore-launches-e60-million-edtech-push-for-unlocking-human-potential/
NA,Rome,N/A,https://www.titan4.it,https://www.eu-startups.com/2025/10/italian-spacetech-startup-titan4-lands-e4-million-to-scale-its-earth-intelligence-platform-through-satellite-data/
NA,N/A,N/A,https://www.amazon.co.uk/new-prince-Why-how-startup/dp/B07MGK7W37/,https://www.eu-startups.com/2019/07/why-and-how-to-build-a-startup-chapter-1-motivation/
NA,N/A,N/A,http://www.freedamedia.com/,https://www.eu-startups.com/2021/03/andrea-scotti-calderini-ceo-of-freeda-media-will-speak-at-the-eu-startups-summit-on-28-30-april-2021/
Plino,"Plino, the Turin","Pietro Galimberti, Viola Bonesu and Enrico Castell i",https://plino.ai/en/,https://www.eu-startups.com/2025/09/italys-plino-raises-e650k-round-to-improve-smes-financial-planning-and-analysis-with-generative-ai/
Diagnostics,"Intu Diagnostics, a Liepzig",N/A,https://www.intudiagnostics.com/,https://www.eu-startups.com/2026/06/lab-free-testing-moves-closer-to-home-as-germanys-intu-diagnostics-raises-e1-1-million/
Cellply,"Cellply, a Bologna",N/A,https://www.cellply.com/,https://www.eu-startups.com/2026/05/bolognas-cellply-secures-e7-15-million-to-develop-tools-for-faster-immunotherapy-and-cell-therapy-development/
Duo,"HR and compliance processes, and supporting employers with deskless or shift",N/A,https://hrduo.com/,https://www.eu-startups.com/2026/06/amid-a-e500-700-million-sme-hrtech-opportunity-irelands-hr-duo-secures-e1-6-million-for-growth/
NA,Paris,"Maarten Bodewes and Dimitri O, after they came from a night of clubbing with their ears ringing",https://www.idc.com/tracker/showproductinfo.jsp?prod_id=962,https://www.eu-startups.com/2020/01/10-cool-european-wearable-startups-to-watch-in-2020/
NA,N/A,N/A,https://obliquet.com/,https://www.eu-startups.com/2019/10/10-european-biotech-startups-to-look-out-for-in-2019-and-beyond/
NA,"Wearable Robotics, a Pisa",N/A,https://wearable-robotics.com/,https://www.eu-startups.com/2026/04/italys-wearable-robotics-closes-e5-million-series-a-to-scale-neuromotor-rehabilitation-robotics-and-exoskeletons/
NA,N/A,N/A,https://cleanzy.com/,https://www.eu-startups.com/2019/09/ai-powered-domestic-services-platform-cleanzy-com-launches-in-london/
NA,N/A,N/A,N/A,https://www.eu-startups.com/2024/09/weekly-funding-round-up-all-of-the-european-startup-funding-rounds-we-tracked-this-week-sep-9-sep-13/
NA,N/A,discriminatory financial information,https://findexable.com/fintech-diversity-radar-fdr/,https://www.eu-startups.com/2022/03/female-founded-early-stage-fintech-startups-that-you-should-watch-out-for/
Reefilla,N/A,N/A,https://www.reefilla.com,https://www.eu-startups.com/2024/12/turin-based-reefilla-raises-e1-8-million-to-advance-sustainable-energy-solutions/
Gyver,"Gyver, a Brescia, Italy","Defendi, Leo Acciarri, and Mattia Zarrelli",https://gyver.work/,https://www.eu-startups.com/2026/05/ai-for-the-workers-it-cant-replace-italys-gyver-raises-e1-4-million-to-empower-electricians/
NA,N/A,"a shared passion for exploration and cultural immersion, WeRoad designs tours tailored to the interests and lifestyles of its customers, providing them with unforgettable experiences and fostering meaningful connections along the way",https://www.weroad.co.uk/,https://www.eu-startups.com/2024/02/andrea-damico-ceo-at-weroad-will-speak-at-this-years-eu-startups-summit/
NA,N/A,N/A,http://www.funambol.com/,https://www.eu-startups.com/2010/12/fabrizio-capobianco-steps-down-as-funambol-ceo-prepares-exit/
Roboze,"Roboze, a Bari",N/A,https://www.roboze.com/en/,https://www.eu-startups.com/2026/03/italys-roboze-secures-defencetech-investment-ahead-of-us-aerospace-and-defence-headquarters-launch/
NA,N/A,N/A,https://meoutsummit.com/,https://www.eu-startups.com/2026/06/budapestconnect-the-successful-launch-of-a-new-startup-ecosystem-gathering/
NA,Milan,N/A,https://supermercato24.it,https://www.eu-startups.com/2019/10/milan-based-supermercato24-announces-acquisition-of-polish-e-grocery-startup-szopi/
NA,N/A,N/A,https://blockchers.eu/,https://www.eu-startups.com/2020/10/blockchers-presents-4-exciting-blockchain-startups-working-in-food-water-sponsored/
NA,N/A,N/A,https://www.syllotips.com,https://www.eu-startups.com/2025/09/romes-syllotips-closes-e4-2-million-round-for-ai-that-learns-from-employees-when-in-doubt/
SPiN,N/A,"Ran and Saish during their studies at TU Delft, SPiN originated from the challenges of complicated satellite integration faced during a university project",https://www.spinintech.com/,https://www.eu-startups.com/2024/01/italian-spacetech-spin-raises-e1-6-million-to-revolutionize-space-manufacturing/
NA,"Mimi



 provides hearing","XAnge Capital, Idinvest Partners, Bpifrance, Innovation Capital and Cemag Invest",https://www.wandercraft.eu/en/,https://www.eu-startups.com/2020/01/10-promising-european-startups-supporting-people-with-disabilities/
NA,N/A,N/A,https://newsroom-deezer.com/2026/04/ai-generated-tracks-represent-44-of-new-uploaded-music/,https://www.eu-startups.com/2026/06/75000-ai-songs-a-day-but-europes-music-startups-are-looking-somewhere-smarter/
NA,"Wultra, a Prague",N/A,https://www.wultra.com/,https://www.eu-startups.com/2026/06/czech-cybersecurity-startup-wultra-lands-e6-8-million-to-support-europes-digital-identity-wallet-rollout/
NA,N/A,N/A,https://www.amazon.co.uk/new-prince-Why-how-startup/dp/B07MGK7W37/,https://www.eu-startups.com/2019/08/why-and-how-to-build-a-startup-chapter-6-future/
Therapeutics,"Thalia Therapeutics, a British BioTech company developing RNA",N/A,https://www.thaliatx.com/,https://www.eu-startups.com/2026/06/uk-biotech-thalia-therapeutics-raises-e3-1-million-and-acquires-sanmirna-therapeutics/
NA,N/A,N/A,http://talentgarden.org/en/,https://www.eu-startups.com/2017/01/europes-largest-coworking-network-talent-garden-is-expanding-to-vienna/
NA,"Recently, it also unveiled a novel QR code",N/A,https://www.smartpricing.it/en,https://www.eu-startups.com/2023/12/italian-startup-smartpricing-snaps-e13-million-to-increase-hotel-and-apartment-hosts-revenue-through-machine-learning/
Resalis,RNA,N/A,https://www.resalistherapeutics.com/,https://www.eu-startups.com/2024/01/torino-based-resalis-raises-e10-million-series-a-to-provide-a-therapeutic-that-reduces-fat-mass-in-obesity/
NA,N/A,hosting events in London every two months and giving a voice to LGBTQ workplace issues in the startup community,https://www.propertyequality.com/en/about-us,https://www.eu-startups.com/2019/08/rainbow-capitalism-european-startups-that-are-successfully-serving-the-gay-community/
NA,N/A,N/A,https://www.arubacloud.com/,https://www.eu-startups.com/2017/05/we-start-you-up-apply-now-for-the-startup-initiative-of-aruba-cloud-sponsored/
NA,N/A,N/A,https://www.amazon.co.uk/new-prince-Why-how-startup/dp/B07MGK7W37/,https://www.eu-startups.com/2019/07/why-and-how-to-build-a-startup-chapter-2-luck/
NA,N/A,N/A,https://www.reasonedart.com/,https://www.eu-startups.com/2021/09/cryptoart-italian-nft-startup-reasoned-art-closed-a-e310k-pre-seed-round/
NA,N/A,N/A,http://www.switcho.it/,https://www.eu-startups.com/2023/02/the-italian-ecosystem-and-building-strong-fintech-teams-interview-with-marco-tricarico-founder-and-ceo-of-switcho/
NA,N/A,N/A,http://www.seedcamp.com,https://www.eu-startups.com/2011/04/the-two-winners-of-seedcamp-berlin/
Qomodo,"Additionally, several agreements are in progress, set to onboard thousands of physical retailers in the coming months through API",N/A,https://www.qomodo.me/,https://www.eu-startups.com/2023/11/milan-based-fintech-qomodo-raises-e34-5-million-to-revolutionize-essential-expenses-for-physical-retailers/
NA,Milan,N/A,https://ittinsect.com,https://www.eu-startups.com/2023/08/italys-foodtech-renaissance-10-innovative-startups-reshaping-the-culinary-future/
NA,Milan,N/A,http://www.deliveristo.com/,https://www.eu-startups.com/2022/08/milan-based-deliveristo-bags-e7-million-for-its-innovative-foodtech-marketplace/
NA,N/A,N/A,https://www.italiacontributi.it/bandi-regionali/2295-150-milioni-alle-pmi-del-sud-con-il-fondo-di-invitalia-ventures.html,https://www.eu-startups.com/2020/08/how-will-the-startups-from-the-south-of-italy-recover-from-the-pandemic/
NA,Oslo,N/A,https://www.ampyrsolareurope.com/,https://www.eu-startups.com/2024/06/rays-of-innovation-10-european-startups-shaping-the-future-of-solar-power/
NA,N/A,Franz Uhl,https://guidoio.com/,https://www.eu-startups.com/2024/02/milan-based-guidoio-picks-up-e700k-pre-seed-to-digitize-italys-driving-school-industry/
NA,ML was specifically used to select quantitative features arising from graph,N/A,https://www.lonelyplanet.com/italy/puglia,https://www.eu-startups.com/2017/10/ai-researchers-from-italy-can-spot-alzheimer-disease-years-before-symptoms-appear/
Viceversa,"Viceversa, the startup that introduced revenue",N/A,https://goviceversa.com/,https://www.eu-startups.com/2023/05/milan-based-fintech-startup-viceversa-secures-e10-million-to-continue-its-international-expansion/
NA,N/A,N/A,https://tot.money/,https://www.eu-startups.com/2021/11/fintech-startup-from-milan-tot-closes-e2-million-funding-ahead-of-2022-market-entry/
NA,N/A,N/A,https://leaf.space/,https://www.eu-startups.com/2023/07/italian-spacetech-leaf-space-snaps-e20-million-to-make-the-sky-not-the-limit-for-satellite-connectivity/
NA,N/A,fully digitalising the insurance value chain through proprietary tech platforms and advanced data analytics,https://www.helloprima.com,https://www.eu-startups.com/2025/08/italian-insurtech-platform-prima-assicurazioni-joins-axa-group-as-global-insurer-takes-51-stake/
NA,Bari,N/A,https://www.astradyne.space,https://www.eu-startups.com/2025/09/italian-spacetech-astradyne-just-raised-e2-million-for-its-ultralight-solar-panels-designed-for-space/
NA,N/A,N/A,N/A,https://www.eu-startups.com/2025/10/weekly-funding-round-up-all-of-the-european-startup-funding-rounds-we-tracked-this-week-oct-06-10/
NA,"Translated, one of the first Internet",N/A,https://translated.com/,https://www.eu-startups.com/2019/01/marco-trombetti-the-founder-ceo-of-translated-com-and-pi-campus-will-speak-at-our-eu-startups-summit-on-may-2-3-in-barcelona/
Fleequid,Olgiate Comasco,"brothers Filippo and Federico Battaglia, Fleequid was created to address the problems of those operating in the commercial vehicle market for passenger transportation and are looking for simplicity, speed, and transparency",https://fleequid.com/en,https://www.eu-startups.com/2025/05/italian-online-marketplace-for-used-buses-fleequid-raises-e3-million/
